{"cameraMode":{"drawMode":0,"name":"Shaded","section":"Shading Mode"},"sceneLighting":false,"audioPlay":false,"sceneViewState":{"showFog":true,"showMaterialUpdate":false,"showSkybox":true,"showFlares":true,"showImageEffects":true,"showParticleSystems":true},"in2DMode":false,"pivot":{"x":153.52734375,"y":13.627517700195313,"z":256.4835510253906},"rotation":{"x":0.15326477587223054,"y":0.01988641545176506,"z":-0.003119699889793992,"w":0.9880101084709168},"size":425.72271728515627,"orthographic":false}