{"cameraMode":{"drawMode":0,"name":"Shaded","section":"Shading Mode"},"sceneLighting":false,"audioPlay":false,"sceneViewState":{"showFog":true,"showMaterialUpdate":false,"showSkybox":true,"showFlares":true,"showImageEffects":true,"showParticleSystems":true},"in2DMode":false,"pivot":{"x":203.65643310546876,"y":-100.30709838867188,"z":402.0878601074219},"rotation":{"x":0.3112894594669342,"y":-0.05586549639701843,"z":0.018282625824213029,"w":0.9485315680503845},"size":451.1661682128906,"orthographic":false}