{"cameraMode":{"drawMode":0,"name":"Shaded","section":"Shading Mode"},"sceneLighting":false,"audioPlay":false,"sceneViewState":{"showFog":true,"showMaterialUpdate":false,"showSkybox":true,"showFlares":true,"showImageEffects":true,"showParticleSystems":true},"in2DMode":false,"pivot":{"x":416.51287841796877,"y":-117.04297637939453,"z":495.3469543457031},"rotation":{"x":0.17969565093517304,"y":0.7807233333587647,"z":-0.26039329171180727,"w":0.5389237403869629},"size":175.97714233398438,"orthographic":false}