{"cameraMode":{"drawMode":0,"name":"Shaded","section":"Shading Mode"},"sceneLighting":false,"audioPlay":false,"sceneViewState":{"showFog":true,"showMaterialUpdate":false,"showSkybox":true,"showFlares":true,"showImageEffects":true,"showParticleSystems":true},"in2DMode":false,"pivot":{"x":393.917724609375,"y":52.64713668823242,"z":792.260986328125},"rotation":{"x":-0.10090497881174088,"y":0.8984194993972778,"z":-0.3234134316444397,"w":-0.279651403427124},"size":2.186220645904541,"orthographic":false}