{"cameraMode":{"drawMode":0,"name":"Shaded","section":"Shading Mode"},"sceneLighting":false,"audioPlay":false,"sceneViewState":{"showFog":true,"showMaterialUpdate":false,"showSkybox":true,"showFlares":true,"showImageEffects":true,"showParticleSystems":true},"in2DMode":false,"pivot":{"x":403.6519470214844,"y":-40.76432800292969,"z":408.26849365234377},"rotation":{"x":-0.06175926700234413,"y":0.9360809922218323,"z":-0.20921243727207185,"w":-0.27610504627227785},"size":247.59031677246095,"orthographic":false}